<ImportExportXml xmlns:xsi="http://www.w3.org/2001/XMLSchema-instance">
  <Entities></Entities>
  <Roles></Roles>
  <Workflows></Workflows>
  <FieldSecurityProfiles></FieldSecurityProfiles>
  <Templates />
  <EntityMaps />
  <EntityRelationships />
  <OrganizationSettings />
  <optionsets />
  <WebResources>
    <WebResource>
      <WebResourceId>{a0d00ec7-a5bf-e711-a825-000d3a406ba4}</WebResourceId>
      <Name>new_ShowLatestNews.css</Name>
      <DisplayName>ShowLatestNews.css</DisplayName>
      <LanguageCode>1041</LanguageCode>
      <WebResourceType>2</WebResourceType>
      <IntroducedVersion>1.0</IntroducedVersion>
      <IsEnabledForMobileClient>0</IsEnabledForMobileClient>
      <IsAvailableForMobileOffline>0</IsAvailableForMobileOffline>
      <DependencyXml>&lt;Dependencies&gt;&lt;Dependency componentType="WebResource"/&gt;&lt;/Dependencies&gt;</DependencyXml>
      <IsCustomizable>1</IsCustomizable>
      <CanBeDeleted>1</CanBeDeleted>
      <IsHidden>0</IsHidden>
      <FileName>/WebResources/new_ShowLatestNewscssA0D00EC7-A5BF-E711-A825-000D3A406BA4</FileName>
    </WebResource>
    <WebResource>
      <WebResourceId>{d607bb30-a6bf-e711-a825-000d3a406ba4}</WebResourceId>
      <Name>new_/ShowLatestNews.html</Name>
      <DisplayName>ShowLatestNews.html</DisplayName>
      <LanguageCode>1041</LanguageCode>
      <WebResourceType>1</WebResourceType>
      <IntroducedVersion>1.0</IntroducedVersion>
      <IsEnabledForMobileClient>0</IsEnabledForMobileClient>
      <IsAvailableForMobileOffline>0</IsAvailableForMobileOffline>
      <DependencyXml>&lt;Dependencies&gt;&lt;Dependency componentType="WebResource"/&gt;&lt;/Dependencies&gt;</DependencyXml>
      <IsCustomizable>1</IsCustomizable>
      <CanBeDeleted>1</CanBeDeleted>
      <IsHidden>0</IsHidden>
      <FileName>/WebResources/new_ShowLatestNewshtmlD607BB30-A6BF-E711-A825-000D3A406BA4</FileName>
    </WebResource>
    <WebResource>
      <WebResourceId>{f066a896-aabf-e711-a825-000d3a406ba4}</WebResourceId>
      <Name>new_/ShowLatestNews.js</Name>
      <DisplayName>ShowLatestNews.js</DisplayName>
      <LanguageCode>1041</LanguageCode>
      <WebResourceType>3</WebResourceType>
      <IntroducedVersion>1.0</IntroducedVersion>
      <IsEnabledForMobileClient>0</IsEnabledForMobileClient>
      <IsAvailableForMobileOffline>0</IsAvailableForMobileOffline>
      <DependencyXml>&lt;Dependencies&gt;&lt;Dependency componentType="WebResource"/&gt;&lt;/Dependencies&gt;</DependencyXml>
      <IsCustomizable>1</IsCustomizable>
      <CanBeDeleted>1</CanBeDeleted>
      <IsHidden>0</IsHidden>
      <FileName>/WebResources/new_ShowLatestNewsjsF066A896-AABF-E711-A825-000D3A406BA4</FileName>
    </WebResource>
    <WebResource>
      <WebResourceId>{e3f13dd3-16af-e711-a824-000d3a406cf5}</WebResourceId>
      <Name>new_/jquery-1.10.2.min.js</Name>
      <DisplayName>jquery-1.10.2.min.js</DisplayName>
      <LanguageCode>1041</LanguageCode>
      <WebResourceType>3</WebResourceType>
      <IntroducedVersion>1.0</IntroducedVersion>
      <IsEnabledForMobileClient>0</IsEnabledForMobileClient>
      <IsAvailableForMobileOffline>0</IsAvailableForMobileOffline>
      <DependencyXml>&lt;Dependencies&gt;&lt;Dependency componentType="WebResource"/&gt;&lt;/Dependencies&gt;</DependencyXml>
      <IsCustomizable>1</IsCustomizable>
      <CanBeDeleted>1</CanBeDeleted>
      <IsHidden>0</IsHidden>
      <FileName>/WebResources/new_jquery-1102minjsE3F13DD3-16AF-E711-A824-000D3A406CF5</FileName>
    </WebResource>
  </WebResources>
  <EntityDataProviders />
  <Languages>
    <Language>1041</Language>
  </Languages>
</ImportExportXml>